{
  "project_info": {
    "project_number": "918589857696",
    "firebase_url": "https://prm392-b8880-default-rtdb.firebaseio.com",
    "project_id": "prm392-b8880",
    "storage_bucket": "prm392-b8880.appspot.com"
  },
  "client": [
    {
      "client_info": {
        "mobilesdk_app_id": "1:918589857696:android:25a0152d45f98e9a044ec5",
        "android_client_info": {
          "package_name": "com.example.shopping_online_prm392"
        }
      },
      "oauth_client": [],
      "api_key": [
        {
          "current_key": "AIzaSyAh8usPr6LjkuQ12V_Qvl7Ez5ou0LhcNMU"
        }
      ],
      "services": {
        "appinvite_service": {
          "other_platform_oauth_client": []
        }
      }
    }
  ],
  "configuration_version": "1"
}